,He_x,He_y,He_z,Th_x,Th_y,Th_z,Abd_x,Abd_y,Abd_z,LF-ThC_x,LF-ThC_y,LF-ThC_z,LF-CTr_x,LF-CTr_y,LF-CTr_z,LF-FTi_x,LF-FTi_y,LF-FTi_z,LF-TiTa_x,LF-TiTa_y,LF-TiTa_z,LF-Claw_x,LF-Claw_y,LF-Claw_z,LM-ThC_x,LM-ThC_y,LM-ThC_z,LM-CTr_x,LM-CTr_y,LM-CTr_z,LM-FTi_x,LM-FTi_y,LM-FTi_z,LM-TiTa_x,LM-TiTa_y,LM-TiTa_z,LM-Claw_x,LM-Claw_y,LM-Claw_z,LH-ThC_x,LH-ThC_y,LH-ThC_z,LH-CTr_x,LH-CTr_y,LH-CTr_z,LH-FTi_x,LH-FTi_y,LH-FTi_z,LH-TiTa_x,LH-TiTa_y,LH-TiTa_z,LH-Claw_x,LH-Claw_y,LH-Claw_z,RH-ThC_x,RH-ThC_y,RH-ThC_z,RH-CTr_x,RH-CTr_y,RH-CTr_z,RH-FTi_x,RH-FTi_y,RH-FTi_z,RH-TiTa_x,RH-TiTa_y,RH-TiTa_z,RH-Claw_x,RH-Claw_y,RH-Claw_z,RM-ThC_x,RM-ThC_y,RM-ThC_z,RM-CTr_x,RM-CTr_y,RM-CTr_z,RM-FTi_x,RM-FTi_y,RM-FTi_z,RM-TiTa_x,RM-TiTa_y,RM-TiTa_z,RM-Claw_x,RM-Claw_y,RM-Claw_z,RF-ThC_x,RF-ThC_y,RF-ThC_z,RF-CTr_x,RF-CTr_y,RF-CTr_z,RF-FTi_x,RF-FTi_y,RF-FTi_z,RF-TiTa_x,RF-TiTa_y,RF-TiTa_z,RF-Claw_x,RF-Claw_y,RF-Claw_z,LA_x,LA_y,LA_z,RA_x,RA_y,RA_z,frame_idx,video_id
0,69.2912867565856,-4.602392448162334,158.8724478661083,0.0,0.0,200.0,-126.71978288146465,-0.03824567981189375,80.91407287936792,64.76382883654728,20.399875352037498,142.16632589981504,42.9350823251429,11.17474533433176,101.41997403937144,85.6101339531755,36.02644937247413,129.84188432388703,102.95293138566981,23.202253158374504,88.85377936028483,163.17441569318376,17.89393088672324,71.79717963941647,0.11114501953125,6.877889357943502,114.5465029109105,0.5460146206254137,17.459994242610094,100.84399216770767,-5.444061566716101,67.60680460194459,166.03880037591964,-12.014989139827094,89.137576919595,90.45551481372709,-34.07023145612706,149.18107395915575,52.90754159720257,-17.549755995347624,9.006483719838855,113.5497469806386,-23.538503115108767,19.81124681690119,100.53809112727477,-26.97701551374425,60.2935617521245,169.3147702295744,-68.98249128951687,62.27545032403469,107.69666935289709,-129.42662336286534,111.54813938884325,74.20138036435212,-18.185571248884514,-7.031898406600135,107.17579729209422,-26.434985399459833,-17.694834287234983,97.07792199234507,-53.381407150803085,-66.26014518939888,148.71512148065153,-91.50033094343175,-62.57042140217237,86.91619596304554,-145.94888212141026,-99.64378565998487,60.22051025195765,-0.08344499882542777,-6.476802147203841,109.07696205547722,-0.4160049878853158,-19.930753652838632,99.71001898962345,-6.608531016673936,-72.71794337482862,144.9050195293014,19.07954806278306,-96.50094937646287,89.6951261523102,23.939288713911026,-162.668211637429,57.270075691882084,60.80270454832848,-29.314518986420183,138.59766153733835,27.97867296281825,-11.140245620922371,106.24409374702759,47.41518464600344,-45.73685025536912,147.19258606780124,45.77463764941683,-22.818035976146746,98.04376337099211,59.38091541954728,-22.825960647482304,62.52806545731403,116.18913744035731,16.13892918376513,152.8749316620571,119.62480638566981,-24.75377101154737,148.67363525195765,24,0
1,72.1988715233984,-10.161885081578419,162.041056451479,0.0,0.0,200.0,-127.57539537145544,8.768429225622185,84.05940978523313,67.76118401249113,16.86757897773009,143.95523098632862,37.8684088488543,9.401046497161303,110.02349369866913,77.91647142627619,34.52813916942699,139.45540853693902,98.59489356262168,24.908106463185618,91.92167588062233,142.76126276420837,24.22341741157294,64.01627992736792,0.3181961499946624,7.537877064380837,116.5207147805365,-0.9758831354452013,24.581737848592923,102.89664840483928,-8.083543832512873,76.13189893505199,162.95327440540348,-26.37307093296667,94.36470703923413,85.49979812109007,-59.084596688958186,157.40905957958324,59.159315101036384,-14.271730478020686,7.616731698723868,114.81719407122465,-16.604241462804936,23.939050821420608,103.40346583331518,-45.63681226513006,69.20767408153637,169.76768373596167,-27.938554818841,44.68622022411449,100.61826908642512,-69.56361585399725,103.50085645458324,57.387728557943234,-16.710347597530642,-7.58707868127118,112.47440944009179,-24.58596997997381,-16.576475088385507,98.97372528206392,-67.25462619156474,-62.557186346844276,137.0915353985322,-106.19140201114665,-61.594723171958606,82.29323156969531,-171.376543100091,-95.22942918994801,59.0260791684741,-0.37651258251287345,-8.157795190739932,115.49519804324768,0.6400677057577298,-19.053569555353704,101.7464911059717,-10.913347299309748,-67.72576708057301,152.06704781937754,5.760496084479314,-91.41497606494801,87.19651437811467,2.1952409830776674,-152.63146161375374,54.44472877502358,63.23855038109838,-31.116801403339252,145.336582743681,33.032392446784,-19.471189443854257,102.93174535946969,34.69091638280395,-52.44377161807307,131.4284291498003,62.54721838155564,-33.70721287738405,119.96845250032106,117.45679963709574,-42.95650899464414,95.68135102715041,122.00362441315121,7.686812345824535,156.7386388197421,121.81215712799491,-31.27687025743063,147.4559152813447,25,0
2,72.7898311273957,-10.780966633817911,155.05203207007128,0.0,0.0,200.0,-128.4422176814832,10.705683876092621,83.61475117197065,67.26939672098297,18.165945678227786,142.67711887785865,30.474960327148438,7.48431396484375,98.27567870287366,69.86264760788185,35.60283135218094,144.31433778613504,70.12600005173067,27.712255291290717,98.4696271450342,112.57548749626392,35.71881655470804,65.36194321126024,0.2241668701171875,10.37774658203125,113.22904780075659,2.7481231689453125,27.287567138671875,99.50146385791444,-3.5242767333984375,61.4334716796875,154.32258420637473,0.344268798828125,122.83944702148438,114.00858465541236,-6.685943603515625,177.271240234375,98.62073614462423,-14.360333516179026,11.631209886771956,111.13281625406226,-20.467758178710938,27.38372802734375,102.1924130919646,-27.107269287109375,64.895751953125,161.23014042864597,-51.02183532714844,58.3116455078125,88.7528394676012,-99.54519653320312,112.39291381835938,49.11010201690112,-16.604645344020355,-4.965193436635673,108.42495734516899,-25.447818866197622,-14.26469883554148,96.0198784822669,-67.3340923224153,-56.04389290253425,121.01768136132864,-123.37289428710938,-54.19970703125,86.21398183227495,-184.85006713867188,-85.64459228515625,54.81683568723133,-0.27099609375,-9.89984130859375,107.83180543182561,-3.0848388671875,-20.20904541015625,97.0395438504554,-13.79937744140625,-65.07012939453125,151.23227503935755,-10.41351318359375,-85.42669677734375,82.50465986873746,-30.997646892344164,-142.13183257040578,53.95035388535075,60.82337539092032,-30.73176438735527,134.73398995507864,37.44126892089844,-17.28094482421875,97.39310860742239,74.88410949707031,-57.62322998046875,134.8833429824224,105.64134216308594,-54.6627197265625,108.62996633828493,160.6745834770611,-77.88755537239331,93.9556415178215,122.74403381347656,10.05706787109375,149.83488248182294,119.81132507324219,-30.71417236328125,145.0477716933599,26,0
3,72.36497245318793,-7.138550879898503,156.32227458844034,0.0,0.0,200.0,-127.84559521641904,8.8315813915043,84.29047372431876,63.178294949128315,20.055869297871254,142.0677660120414,30.978586728641233,12.336429962547754,100.42924725102591,50.5885065814777,34.82959491776165,103.73461947867719,60.93685969359569,32.05548986640326,74.38395035210874,91.94456605378508,40.53776085019172,58.7691093557857,1.9358103274586824,9.646696292157685,114.38269181157236,3.5406900001256076,22.091434845360254,103.50041132286445,1.021724943581603,57.47218332084873,171.10662262561866,32.1267490870452,75.25874497685095,108.82732434229554,57.798346063614815,139.00987305799583,83.8419366270339,-16.227406923702517,8.57614553871963,110.29506794427553,-20.332967226436892,22.11972464028213,102.97961799509174,-41.680399431773424,72.35738057384867,154.86505769594297,-71.73804229967908,73.03601492348525,94.30155143435012,-125.8738150047572,117.58639944496963,50.94364100410138,-18.431730783968362,-7.9134308742081885,109.97230516301738,-25.188126875864242,-16.217791924197627,99.01500473617739,-31.780407184633788,-53.701707452798246,147.71162819611527,-79.63951879906324,-63.209137782314315,105.08863443779092,-133.96136359012635,-116.17257067000219,87.13915658599467,-2.282934353983933,-8.376054121958191,109.4784940265805,-3.2274069237025174,-22.06173287924912,98.50464087983391,-16.866475527218142,-66.99019967612412,170.55483625010606,-38.85206697845578,-108.7665165224787,90.99589085018442,-53.67680833646614,-149.26898137666285,63.806772928237706,62.12378648602299,-35.25746995017539,137.6005291337858,42.19544236427856,-18.563563309690267,91.5818215964216,82.94500275723942,-56.4722952740824,123.24161787208152,115.26015939499644,-54.581114798109525,82.07219974736586,163.48735595434283,-75.27131273120153,60.40530674240267,120.55365997082873,11.77902639809463,150.77721888839838,120.15967803723498,-29.03872262534287,148.8384912089889,27,0
4,72.88084301371288,-3.641350202772287,153.77307635436512,0.0,0.0,200.0,-129.96183518785983,6.599229070604565,85.90789585912646,63.89568489442769,24.384014394318,138.4094944892273,29.189463750517348,8.01552515336732,102.61383323140751,51.23035886232884,44.910356160373624,136.220156473595,67.32473027137905,27.459222218726325,107.89334993927125,116.40144764589314,34.951046030325585,70.53740848604747,4.220119303648062,10.81186445481228,110.30468304669596,2.155265485153393,21.50465593554202,102.27794256715627,1.3392220940726247,64.70060193587165,170.56161985591666,19.07493776495801,79.19524134245387,93.69348955956781,30.846956794855487,139.45388024465035,67.18297870724618,-15.084675653779527,11.501459830221393,112.40668737320512,-22.232930048310777,20.0812232024723,102.19424704976689,-49.73994909127953,74.03816289973793,143.0407588905872,-96.96683202584984,81.05076665950355,87.08633122165236,-151.58156286081078,128.52919073176918,55.81615121032223,-18.298237665498277,-10.491042422527698,107.07924188292009,-25.497148248201256,-14.527238659279078,95.15548655157886,-34.05618131559663,-51.671060238832524,149.7223524951023,-61.501531528921646,-51.6192162506527,91.99731955702975,-112.11306159864392,-93.42960517536017,53.44749093164137,-4.544606073701402,-10.839247988933948,109.00411994282535,-4.752735956513902,-18.2387230865902,96.86416560611076,-18.795094354951402,-65.8083031647152,153.8584929642601,-41.83714757760765,-75.67457513737145,93.43052256847591,-72.8583267768264,-116.71485834049645,62.14807989054361,61.82732790790408,-30.020856665750898,133.2370792594054,33.65237100554367,-13.06975758994031,97.77146554101637,73.70432581106422,-48.51893548893395,133.22685409320593,94.1671859184861,-45.6533959381527,86.04336158804358,138.0764791199323,-63.542231217177914,51.63216248897902,121.15922083059547,16.6820532805973,147.44347990663505,121.35117639700172,-24.76478509830895,142.04069161523512,28,0
5,69.94217134385048,-9.568313426725013,151.41040545025012,0.0,0.0,200.0,-131.67262763107138,11.724998607743146,86.8369367857525,66.61552196404591,18.043177265817917,137.12248911382898,34.45949920884914,6.640664828898707,102.59720498462926,68.91140350572414,43.64130569803933,149.64403610888775,96.06057342759914,20.360635532023707,99.75152506353601,147.29839691392726,20.297952426554957,83.78148564274618,1.3692003459595412,9.851898215747951,112.27125474883394,3.747005312364763,20.203164828898707,99.34349985677274,6.234384759358534,64.87956895189046,165.42864524779588,9.300310369389308,79.78529345914126,86.59051268300391,8.86033857535682,141.26216923339666,62.386431378482825,-16.844650892070263,10.924401320834704,109.88978873342734,-23.390149950272416,20.527477782415303,100.14484487560438,-50.79043975599461,74.45075394022683,142.70224842705704,-101.39564910658055,81.84293533671121,83.48583071415193,-155.98051849134617,135.67206741678933,59.091239113828976,-20.18799754779343,-7.750728434507323,111.16295788370871,-27.65969846393955,-17.100348412636095,95.37983909092577,-53.57318511732274,-58.50404952657004,155.60881853970727,-77.56973663099461,-51.82613204610129,90.34499070307038,-132.79583638813892,-91.63906121962111,53.61305708833925,-2.697696836072737,-10.561971889851293,112.78883654107699,-5.518772275525862,-21.119283901570043,97.47772692727153,-19.370395810682112,-58.52614425313254,154.94055091466964,-23.216031904226327,-90.5915111255108,104.42905810719071,-46.151388436961156,-138.72837067698697,105.15453055794433,60.63008896638479,-37.568548711260064,131.94750262173852,29.51286712217609,-14.753090422103242,97.53209734830102,61.951153248393666,-50.343675255034896,133.0647187102902,79.41100677720851,-41.46913741719504,91.23296404751977,119.262440012002,-60.934210646192696,54.00697965025074,122.66488131037045,7.717947535495114,154.2006904077743,119.78139862291164,-34.37196944844504,145.12493182095727,29,0
6,72.4902972151948,-15.42783434010039,156.46056405807462,0.0,0.0,200.0,-129.67621338222767,20.40846464636627,87.63450113905938,70.3094853763721,9.751710613241357,141.72273604724018,42.979459743886196,4.051367390060705,100.22967988758654,93.0621676543276,25.716309814411943,130.4806343272118,109.0064697265625,5.009243591011227,90.29963027525119,160.95510864257812,-1.7648042605512728,65.76537266152403,0.38323974609375,11.145413024604977,111.8486456827392,3.416412353515625,21.593655212104977,102.48681432457666,7.172218217343698,64.61311424277062,161.2989924400216,1.0535943967920502,78.43779284375796,93.20928979019699,-17.823269577460337,144.1444079030303,53.16838299907951,-14.814560349776684,9.750989251262013,113.43921658775632,-17.832049078816055,24.421344842676945,101.83563607844468,-16.762176513671875,62.40395794647998,172.36685774362803,-50.5135498046875,72.53109417694873,109.58700032212708,-98.949951171875,130.6975675656206,77.35067578762278,-17.828194410370884,-7.151731493544162,113.25833353056748,-27.84075604218316,-13.686595256524924,98.28036721538865,-61.13327706871928,-53.15561236602002,146.76027909225843,-97.90371509823945,-50.57316572619163,82.32288966868373,-161.35576785917175,-85.13729877011167,52.622856604727076,-3.041778564453125,-9.134555237113773,113.36518538717337,-5.9432583686641465,-19.788831048137126,100.03056111842034,-14.07060665941708,-46.51316286077099,161.9436944084996,-13.32586937783475,-66.34360600450191,109.09900711129114,-38.046808795985385,-114.68189620350063,99.73096223107416,56.68456505452258,-39.32077597241539,143.53570860166246,30.38287353515625,-16.268649475395023,103.76474884482172,46.624675309255394,-53.41733206687513,148.38682782421574,59.429179545310774,-40.10922469641491,99.62989650462123,89.82894556953624,-57.35397699992404,58.32516785739722,119.30123901367188,-1.9378999636762728,152.77790424515382,116.160400390625,-43.27939166289502,148.78717738661624,30,0
7,74.20299437748486,-17.648926717946665,153.19361417518596,0.0,0.0,200.0,-126.98320807714879,21.24024124152629,92.64167757004529,73.55240910738536,12.263243198835994,137.58957000142854,36.702269722150504,0.5114777520228699,99.05323024185665,86.83522248177178,27.200431589472487,138.69597560387407,102.16310657145902,6.721038359595013,90.04377155000121,149.724608589338,3.74530343561662,62.73572663926521,1.531675311200388,9.228720424416224,107.69984958092269,2.984526802228629,17.72034005671037,98.71527193726487,6.979859319055265,69.92682009517159,163.17106453571978,-12.967134600350278,95.29320355236308,94.26836429231592,-36.44548989088571,152.61955186150328,53.53648263784174,-11.88199638201047,9.510706170287904,114.09535468737869,-17.182495902849496,21.06830148249162,100.8441358722143,-9.012443048432601,60.330372415485385,165.427671024431,-31.338548580584302,56.573319253526165,100.37490923086307,-75.29254228956825,110.05676583796037,47.75672147792045,-17.022888969255746,-6.37279959172713,107.07308791830542,-24.28958208449012,-13.30749197453963,96.1246758787612,-74.07486571249473,-50.98490335554959,140.54617040614357,-114.63413445062571,-47.314398045152984,81.65131975195914,-180.88586391035824,-82.54146285434672,60.821790943365386,-0.3456733930838709,-9.92358084172713,108.56289798183434,-0.6875618208182459,-20.26708670110213,99.06776233227629,-11.258545707536996,-54.42126150578963,163.16057023373264,-17.17422563917762,-81.62597341985213,102.39876893435348,-30.210790489278395,-119.33704582569942,100.2002505902542,60.24963185061915,-36.07838245643768,146.7088525873952,30.36910932175988,-19.58373709172713,101.46405952066402,40.62242133873178,-57.68483290574011,134.9314078359937,45.19361806106542,-35.02334179616469,97.95233118757835,77.01390966930518,-53.947533229411874,53.769058803239886,127.00473322921243,-1.9435071139629372,151.04543413080722,119.253173042463,-40.81744070500838,143.04353166602164,31,0
8,72.46290812026132,-16.602695181164336,153.78228079487525,0.0,0.0,200.0,-131.88427711423776,19.012741172616757,89.97833864310562,70.08605923450926,13.168270605321709,138.06706364406125,33.53270833024794,2.6254979578238817,102.66988426880366,67.59358715510132,27.86394991300756,142.2187439070949,73.51776786848365,9.333320008345709,94.1661044716858,125.45108735313704,5.767304087757793,66.5757782883355,0.1650390625,10.32489013671875,109.67691946422056,0.488128662109375,23.800048828125,100.67718733670306,3.3825582919492376,63.5628956887756,160.16228835507894,-8.955505921400402,97.99649024254143,108.66492354453062,-26.161709733236194,166.9078765712958,99.57797942867828,-15.02840011804085,8.755494513777421,109.22135741494483,-18.67571116708018,18.004542795379393,99.63556886804805,-24.380852356914147,66.65919399063017,158.71711555237655,-47.226470947265625,61.636260986328125,100.71218350187765,-101.90554809570312,112.8890380859375,56.60101694001588,-16.516265869140625,-6.4786376953125,110.56822759586294,-28.113368753589498,-12.522502527414076,98.4592554060257,-83.75594525425822,-48.3484795497518,138.5340749410875,-139.43536376953125,-47.58990478515625,83.14636300049801,-204.83577519690863,-72.70018918821961,54.87702242532589,-2.6597900390625,-7.2501220703125,111.86146191842533,-3.04119873046875,-17.16595458984375,101.10019986976522,-14.005880731559955,-54.895047644042734,161.51421800389357,-19.77064992244891,-63.50822795122849,100.13196969619366,-46.2858287245806,-108.17033016931919,95.13858099838626,56.369639852489286,-35.29023225931542,135.13092110596676,34.08463305814075,-18.794809293902745,98.01220772706051,48.975330632444525,-65.14822536480972,134.74432442627926,77.92794656986854,-47.668698398454126,106.15921872317267,131.915487149598,-68.84805465373074,85.67716917956545,123.76728012704928,-0.9380884379418148,151.64043155908814,118.23634571304433,-39.99821058616806,142.04693673096676,32,0
9,74.96389339074028,-7.672663279825883,152.16838692820045,0.0,0.0,200.0,-129.45087193167114,16.986572265625,88.72807047063725,68.82033903869888,20.846793895190785,128.0471919901055,31.205474853515625,9.99072265625,100.3929942972344,63.49779319060218,40.019899902659176,137.05703504132504,59.85818773116944,13.851346033905315,97.74543225730002,113.2655505317432,14.013628175355052,66.35229378481182,4.930020830940009,11.537925801993765,110.3561736615758,3.741363525390625,23.53485107421875,99.51144547763307,10.355225836011527,65.32941352899866,168.60936809674251,27.910308837890625,91.99868774414062,107.98583673633634,46.13031643310296,160.3706302201938,93.56923427631935,-13.828366569158902,11.489264071157663,112.55170717778444,-22.03405616144687,24.764053514734087,101.0692861561467,-36.67145462592384,75.97839126401499,151.85156754616696,-71.07510375976562,74.75921630859375,91.87512682297282,-122.74749755859375,119.0943603515625,54.4220105631193,-18.425573885610845,-1.561599901452837,107.49518434814377,-27.447140983221402,-8.499271605331728,96.0181320648968,-64.79443359375,-51.7943115234375,146.8568907433314,-114.66048236839583,-47.96860179888904,92.03362388149424,-178.58571162412176,-73.8496782985352,80.9282597389805,-3.0181884765625,-6.986572265625,106.61452712922346,-5.985504150390625,-17.517333984375,96.71085815439994,-15.848402172009514,-54.50133819209236,157.81704353632017,-26.646490020381123,-65.3838715338444,92.77351033328489,-66.27140983970924,-98.80515778107065,89.50099342625333,64.02091080884247,-33.80770476113673,137.21511370472024,42.68328033985944,-17.77538432902668,93.58160386474412,75.06729125976562,-54.91790771484375,124.29388413818162,109.4764404296875,-51.9700927734375,85.43791887317491,160.24821223087145,-72.72505395070493,62.18529373220633,124.71528457752856,9.286876525137245,148.3172115213555,120.104736328125,-31.12054443359375,144.49407945068162,33,0
10,73.51100903820253,-8.22343750997129,155.5676691915375,0.0,0.0,200.0,-130.27052465808828,6.977460977734722,87.51376673584758,63.62129469907234,15.872957918734073,138.26310450735002,30.646803735769424,5.624808477634588,110.95794979943634,48.17555462927487,42.36732865699389,135.85388189715093,48.34790194901899,15.181002355237752,105.11026206423284,64.29464068883965,10.42708094990212,69.73104434332501,1.909507045770681,9.378093760372053,114.48722725603842,1.4629036849275394,18.713849729849358,102.53477310886133,4.476341585117041,68.21864890530838,157.93859575145373,18.884992307974414,83.85920495445873,93.93060175058098,35.9328856444792,142.91262035529792,68.45820630534189,-14.853306399676228,7.872256567861314,109.47418351108281,-23.202520621106885,19.326499233270624,100.53129801578838,-43.020036988900586,72.92582482750561,151.77716985398007,-84.61381750647871,73.25684899742748,86.96558954631689,-142.32216101233809,116.98963708336498,60.10276756885395,-17.843459919450027,-6.831314710829361,103.8003783610859,-25.01454067494558,-14.748778509401859,94.18994034882917,-41.127526996125766,-55.22129773170229,155.08077223988903,-69.8185386980897,-49.192894898186864,95.17041271403741,-137.55140167074677,-93.82959123951753,61.64114365021521,-2.3677237564787106,-8.884477906869392,107.60799052464938,-6.185451384899977,-16.877603904175658,96.12280780601031,-25.97856360022871,-66.60804968421314,163.18821425419492,-34.27077088725525,-69.38097209932721,94.77189980985247,-83.25672669885819,-97.09354626506729,90.08754389380147,62.21263993555482,-33.48810656427224,137.97526940926957,32.87110399727618,-13.016869870869073,93.08416359513069,58.93685244182325,-47.1873270191536,128.25074008277056,103.69515322307319,-52.130659271891886,84.57788055038827,145.65415959715796,-72.53471875663013,56.89429118715066,123.87327355797441,11.760419554068108,152.13029200735002,120.56980676109941,-29.670000367806892,146.9501169305097,34,0
11,73.50352247231564,-7.5260820242704085,157.22840779660632,0.0,0.0,200.0,-129.38632796176705,7.132133627849953,86.42092160404475,62.77434830248552,20.765044941848487,143.73553212512493,29.70441673160093,7.662477379027223,100.66218601022442,53.59956860908409,48.09024978958308,140.9358629141829,72.15072141598131,4.340218861754806,104.37194975013733,124.4423349144028,23.924140398812142,79.07928296157357,2.6179718344693583,8.352383651832497,110.14280109286462,1.8672715051187083,19.03790991928929,100.53658930133753,2.63992467064935,68.54592376988182,153.6197187525892,14.395978046546759,82.27043119931716,92.2826734172256,17.787201655160914,145.40611046741776,62.48961719655401,-13.465067283081908,8.878708836773058,112.13008225814613,-23.028987761853102,17.87384899423546,98.22794533832771,-51.805845593022525,74.64034515660057,147.052636693403,-100.1064742551319,75.20757538120995,79.10403963445094,-161.37508997778815,118.7846627835537,58.98615857192513,-16.5889084025863,-5.257382891486941,104.25737790917651,-25.2532836259831,-9.245404905630608,94.54540398983818,-50.37771601455756,-56.41608451833224,152.33921976049987,-80.57379297906141,-51.073457945641735,90.86059629185581,-142.76363094080602,-82.18753901403932,63.47014145518847,-3.1269119099137583,-9.777502310560067,108.74606392829219,-4.0841353879444,-20.551854550430676,98.00834132542161,-15.331277033833828,-54.5462133736296,159.5426220031352,-39.966530360304034,-70.16093029539354,106.04626214752875,-66.43636927466315,-92.22812408168068,103.06492950887605,62.15902742032432,-27.914447594390026,134.98716962151593,30.285122987105638,-13.212345773746279,97.47960126214093,67.84625401635247,-48.329625546524426,146.07822166735764,84.97192540307122,-48.261876523086926,91.24119794182843,125.42541661400872,-65.45859283168068,58.892354576311845,125.18325200633348,12.681327591042646,150.53130932876107,121.68249669213372,-27.897740780899426,145.26036298089093,35,0
12,74.62346196164447,-3.4082563150448095,156.14081987215548,0.0,0.0,200.0,-126.45941162109375,6.7554931640625,87.30101545092488,65.4781757872995,23.69953514788517,144.8617681910357,37.3797205590688,13.19208937596602,103.18980638850238,74.57211303710938,50.508026123046875,152.1460762152914,108.61373901367188,37.3140869140625,100.36358110774066,153.45462036132812,47.3961181640625,79.46639669737228,3.702141594366367,11.811238791119536,115.97114552949479,3.184295654296875,22.60119419236662,105.4515835649531,0.0806884765625,71.72589111328125,161.42824785578753,6.024839620378373,85.38722352372753,97.178972648268,-0.4693603515625,160.39480590820312,60.03421958791574,-11.041229248046875,10.42169189453125,111.77717841139629,-20.25437085680545,19.29620416632747,101.42776017936623,-41.38653564453125,75.21190419299182,152.619026873156,-92.1353520819539,81.86426443546941,106.02117805435486,-151.60269805115593,126.54253409846046,89.5598884276184,-14.25091552734375,-3.6658935546875,107.05014952704437,-23.84979248046875,-10.880126953125,96.87309530412745,-61.90118408203125,-57.91192626953125,148.1611145549175,-96.28939819335938,-50.8914794921875,82.83353038206076,-156.70798599597322,-83.39249007896933,55.63585062050845,-0.132476806640625,-6.91070556640625,107.97259633265776,-0.09979248046875,-16.78717041015625,96.36941414113289,-7.208160400390625,-51.5372314453125,166.23161262453482,-17.39276123046875,-64.6873779296875,101.48541259435672,-43.31507620312368,-105.5836928352146,97.26916179746809,64.26957667249712,-30.149736034456737,137.63754656223045,33.917388916015625,-10.3778076171875,100.6437757509284,70.77102661132812,-44.563720703125,139.17281056817228,84.84158325195312,-51.48504638671875,92.63835820898476,109.26815795898438,-71.1883544921875,56.554264976332774,125.51431274414062,16.959716796875,151.50409929621722,122.71920776367188,-23.71490478515625,143.94711455275092,36,0
13,74.07088801964665,3.2289158842893357,152.53766310330025,0.0,0.0,200.0,-131.20373428077028,-10.587634705660662,90.06799822897204,64.03385791143091,25.614795345889547,141.01368416590563,37.77906387532698,16.43150160055052,97.71087888467474,76.09524391755645,52.010095157528326,117.96014646279974,105.217529296875,50.8797607421875,83.4517617582099,153.15283203125,64.85604858398438,63.98935673141722,2.808380126953125,10.4365234375,109.49259648764499,2.92889404296875,27.20501708984375,99.06348787482409,-3.861456817157091,56.79249997589113,167.4368716787661,-1.8429110842685077,70.7262818643917,98.33405645322532,-19.72812097293945,133.2555627213435,59.00405047867403,-11.272674560546875,10.3436279296875,110.485880053524,-21.03619384765625,20.61737060546875,101.17801701533668,-28.075836181640625,58.39202880859375,164.50220853306342,-58.594482421875,57.973236083984375,96.21502313978675,-116.5799560546875,106.089599609375,70.72435173232671,-14.1051025390625,-7.0028076171875,106.91235696985689,-21.445587158203125,-16.6871337890625,98.31759665550624,-64.78104871383835,-68.40477528674182,137.6090578546581,-114.7783318702235,-67.31030195521339,94.89098610781696,-179.37493286163283,-97.20131147711663,61.87490835817198,2.51812744140625,-9.9935302734375,110.93409205779824,2.913848876953125,-17.0435791015625,98.51652723350071,0.39274290615708196,-51.04096474598305,167.51428935687727,14.119156902352643,-61.6981261990727,95.0284957319941,12.91633910542896,-96.70373940615264,88.80604080064677,66.30801881268451,-26.002898847465076,140.0286957369069,31.625319393071436,-12.71680253987347,104.51232306569113,66.41683654424651,-42.652945742727525,143.47801595374392,76.30906642529465,-66.09551435465778,100.3910814076471,88.68276908105815,-84.95683353001539,58.15831685322928,122.74761962890625,27.60845947265625,151.56598142373724,126.76061017610573,-13.359607061438965,142.60417401604718,37,0
14,71.37906236866422,13.437597751414046,152.44649944660506,0.0,0.0,200.0,-133.33586077035716,-11.908159562882929,93.74006726778802,62.62819168415274,33.235118439528605,141.4295543729218,32.63987565166963,19.395762137545944,103.28457743047198,62.04052734375,54.9141845703125,147.57506547985543,92.41617154822325,52.468187092471,92.39262723131677,139.809326171875,64.8338623046875,68.37721914691974,-0.0382080078125,13.486083984375,110.87016255276357,-2.71636962890625,27.3109130859375,101.92123925445811,-9.453749902083587,59.747460477680875,165.50802458621385,-10.624480719808616,68.69054165096259,102.08647483915313,-35.0148578394394,126.27148800215014,61.898720449145344,-16.53924560546875,6.88604736328125,110.48148718540344,-26.541107177734375,23.74249267578125,103.0296069259498,-41.036579042075914,62.60968922463496,157.1919361269698,-67.23782348632812,57.796844482421875,95.81054138264332,-129.00241088867188,98.54251098632812,56.14576753902793,-16.332000732421875,-6.95050048828125,110.89475165033195,-27.756518848538803,-13.23768764637407,98.61410786018087,-73.91592225504627,-63.26382264567121,130.91149736515388,-132.9869354478637,-67.39806886610336,90.7214383991543,-202.10309134907095,-102.38370457554697,59.72832999926004,2.3042281424857265,-6.623495400774232,108.09755996978913,3.411376953125,-16.867919921875,99.0792525773636,4.981316428783771,-57.36992162647584,169.3239705966505,15.540013051506321,-55.632732195884614,100.40624008751035,22.16600665559065,-104.67821539817521,68.35486662361143,63.59904636555609,-14.614335736556995,134.2484745855728,34.3519287109375,-10.2783203125,100.05200241760406,53.24749404483805,-31.877091021885235,138.43805706892738,67.48408213703567,-32.2299623710428,101.20812502209048,99.37917178798034,-46.43747845990629,69.49194111785607,119.43115234375,40.68646240234375,142.7386339064215,123.48663330078125,0.3275146484375,138.1301884527603,38,0
15,70.79898424366434,17.293610134255573,156.30118680851203,0.0,0.0,200.0,-129.82650756835938,-30.92303466796875,93.2810023127951,54.91434398817273,37.46917413139522,138.32547237283296,28.197447337031804,14.3918451416464,107.57269515158723,51.25912651677595,57.145965576171875,139.15822532665808,66.80434753484178,46.37688770699435,100.2790278874233,109.45626115700622,56.09084171529423,64.4701857625563,-0.16259765625,9.872802734375,115.00285091578868,-0.5081787109375,17.090087890625,101.7459418743428,-18.347377082305343,62.844785510243696,163.12170341445685,3.5134882125439617,87.74719189544857,102.92342360970227,0.9188795183374623,156.10146854950779,85.54920472348996,-17.56573486328125,3.16217041015625,109.58918679450682,-27.53759765625,13.62506103515625,101.7449551705935,-58.29150390625,57.822601318359375,147.82876251478655,-92.5933837890625,54.016326904296875,87.29401388018067,-154.06832885742188,85.19760131835938,57.53288264023257,-14.061279296875,-10.7669677734375,113.11749314949236,-22.66302947247675,-20.204892734464693,97.91353110714408,-47.584503173828125,-72.54644775390625,156.2204395274041,-88.41856685657831,-83.48167758767033,103.96554522664746,-125.64062863859232,-116.30229649770467,79.30491968188949,0.26318359375,-10.3955078125,113.78577407432772,0.39984130859375,-17.77154541015625,104.62426818996175,6.7044677734375,-58.79940278203253,163.05159078206486,6.0201599630056535,-72.5352409906194,83.65535622345408,-2.4908228097316396,-117.35869746245498,66.0407846457166,65.2990316370317,-5.692325770166235,132.0173277187787,33.87309223538796,-4.258370911987413,97.66397760542907,77.63596561559609,-32.9497134964754,135.75237410549744,102.04591643466324,-12.632406772902755,105.25475447659119,157.89215937607105,-10.967250076286518,87.37535994534119,111.24574654792684,45.21916922896719,145.1041302356488,122.73321533203125,9.86090087890625,146.1546568203412,39,0
16,68.7035946736205,21.972886964390113,158.5108680061232,0.0,0.0,200.0,-127.69405376298937,-41.87857001838779,95.98253912983763,48.34320334484005,32.309818289351085,146.62085004932496,26.023076722845758,14.496356092538008,105.53985561827918,33.40286101749393,59.822331147646025,147.16834558060305,38.83344226921622,35.75604061913748,100.40642786237632,83.78607387271825,36.18363269025673,70.2465564995592,-0.8998901970319366,6.197762563940955,111.92374394640132,-6.4308794300606,18.74486766255137,101.83371079483554,-25.31978618486437,70.38903862419033,176.35871405959873,-4.44661723955187,88.46621757926846,94.46564893858505,-5.041099591803459,159.7648619025656,68.58755035303159,-21.93635596777699,1.2003765226725136,111.03293601124994,-31.58132675097636,8.865324311427003,101.90063364913419,-76.78594100712564,50.251648487471584,149.34741305788887,-117.53884136064562,40.764038624190334,88.20213182141919,-182.206169241505,67.69033867301846,62.40242373476204,-15.932147252854747,-8.903592503117352,110.7836931540918,-17.898228919810094,-25.889723118484312,97.78467457452757,-5.860617311927399,-54.129062198549036,161.64588896002465,-32.18965923173937,-65.17190497932529,104.4563171017478,-63.78481977175841,-130.32497683260794,68.03655341867602,0.14470061501936016,-7.120570622326454,108.92522742234678,-1.7369299800494673,-19.398379645375826,96.43819036320485,8.45481098310438,-69.04806464729404,159.18935343582757,-8.54018413408312,-85.60440009651279,91.92161830169789,-27.189879260140287,-141.36447020105993,69.64242954329916,63.88031154849364,-4.36424480665255,131.45916748046875,37.123206404614166,-6.206293766051203,94.94976571873144,90.58408344404188,-21.29556220588779,125.32272495305665,121.42044819013563,-7.903960643387791,83.77829957616882,179.2772877472313,-10.516386727489135,62.91696558198146,107.57419574872938,56.95455986442471,146.1224151005132,121.12046039716688,16.46090752067471,144.51751708984375,40,0
17,71.04335043157619,20.961943434685566,157.59432727481604,0.0,0.0,200.0,-122.66271825533954,-40.86946176639867,95.77182410840626,48.27931568979727,37.316039312393855,143.30341438221407,28.693415564741713,16.4981255501703,100.97124722516543,21.432801496881098,56.83269563509964,139.40223983938702,58.71969062620303,40.010284066473105,109.44053055324292,104.7401440182216,56.307396548710415,91.03221999083063,-0.442393545101595,6.620933034472955,112.16597387659036,-3.436167959164095,16.897666432910455,101.15417166339982,-21.204905752132845,65.48064372783233,164.52403010825572,-7.081248525570345,88.61592815166046,99.85838994494323,-13.68032267413912,152.92308757548858,71.01133335875801,-18.13600313039217,1.9970535102328313,109.28654833935455,-31.041968768572815,9.262991709403593,97.96909324535062,-75.34861302752347,47.85802409892608,145.38733494093006,-123.23310399432035,37.469687917285455,86.21477967020758,-188.49747777361722,61.66136882548858,61.44311640748214,-13.566071585625991,-11.546849523102082,97.52554369322547,-14.708639613323044,-23.532311800281036,109.98564437840992,-10.109893968482197,-58.408445108523665,153.62306049824315,-34.009715322445345,-65.11219074482392,105.04443085111927,-66.85603068467663,-130.0827232074181,63.980908057400484,1.4609623256566238,-9.597016409844855,111.31145896835528,1.5921348998274425,-20.06288973411165,99.02525792513245,6.294972177554655,-68.70075275654267,154.22603149208499,-10.561702538813961,-88.23542048315494,87.04609695689805,-29.759565140337827,-143.69226886982392,66.21678932476584,65.37195047677653,-2.6143288571670382,134.524658203125,37.4491595817525,-4.53789247297027,99.14633843419608,84.94145655255465,-20.74799396748017,128.89403772977403,119.08684229474215,-10.93512775654267,87.45166015625011,168.32817260587456,-17.615411287491384,62.25913288497168,108.80693506817965,55.122397878222955,151.91017204415385,122.70329737286715,16.827598073535455,139.49667357370527,41,0
18,69.01625982906774,20.806372949040735,156.43389671918783,0.0,0.0,200.0,-122.91732788085938,-41.502410888671875,90.07964903488492,52.63379247770638,41.063307080114726,138.4642973753705,34.22705078125,24.67531528439531,101.98942666295336,47.51983642578125,68.02163696289062,127.79747232886041,77.43803727828299,54.655162525010155,97.14152750464166,129.9540078626551,70.9156072806311,73.79219794747269,-2.99346923828125,10.231964111328125,108.58111392200567,-3.6434326171875,20.40899658203125,100.38574442358697,-23.6973876953125,64.87762451171875,156.50779968339123,-16.965426260772574,86.85097763321528,89.49251780005181,-35.91935627670273,145.33228339905395,61.885556906700685,-16.90191650390625,0.079986572265625,107.41242965762622,-27.51336669921875,7.30645751953125,97.99869987932021,-78.6453857421875,47.639739990234375,151.27654688940845,-133.24618530273438,34.30474853515625,84.71412122528962,-198.76373291015625,54.91973876953125,60.848178385710696,-13.54730224609375,-13.875213623046875,108.75238170296598,-16.18145351940734,-26.20118904996059,95.80102761770388,-23.89044189453125,-71.47958374023438,163.90220573556223,-48.4322509765625,-78.86569213867188,96.32014570444903,-86.980765907055,-138.66265623857373,62.02613600448308,3.500601680191835,-8.342620514047894,108.57190473887238,6.2930908203125,-17.446807861328125,96.90789363983254,10.211776573010411,-55.224395751953125,169.14440732079458,29.615450674835074,-80.96319847756945,108.70175765487761,43.79427232297576,-167.82633281403093,106.97474838445771,65.37332239057775,-5.572068113973899,134.39811083918528,34.3392333984375,-3.63470458984375,117.27494189387278,82.04541015625,-23.684661865234375,137.81931445246653,99.03424072265625,-17.091949462890625,86.39181358826147,146.68845629490306,-24.945398989499154,54.08435824657022,113.47489350194587,55.64651316773757,143.01454526999856,122.75140380859375,16.897247314453125,144.45755908137278,42,0
19,67.41522656160998,17.798291593126805,158.00795949748536,0.0,0.0,200.0,-122.80966186523438,-39.25563736106125,88.7593294008245,52.002869171345765,33.26508706157273,141.48158214098902,24.6258544921875,18.975472258079378,99.12409670915753,59.80057875953753,62.90085677956375,150.26258713088487,87.25050157396561,56.26365063432155,105.27959574738946,136.6705322265625,77.16950301979813,75.53245261705135,-3.30999755859375,11.729866789329378,107.72092891956075,-6.42120361328125,22.246926115501253,100.46852583358316,-27.377685546875,73.26093368386063,158.09373159953282,-30.497735824374672,78.57648043922501,95.40201740617626,-56.511984494277385,129.28816689018896,69.68408295560229,-19.863345339386342,2.4764793299166854,106.34211895924926,-27.687306115749834,9.89720363020416,99.19171627142192,-50.96978759765625,49.2714012131575,152.21801804358847,-91.9158935546875,43.33615951393875,103.20342604071269,-156.36471557617188,73.27152328347,78.6577368207307,-16.141262059593828,-11.679786680068617,111.93188680185006,-16.9698486328125,-25.819602204811247,96.96190811275744,-37.489990234375,-76.8953468337175,155.95613028060234,-67.48678825215427,-91.09717834033205,88.75023270122949,-111.76565345466929,-152.25671332135465,58.30391270394023,3.35296630859375,-8.757865144264372,109.98374729028808,4.0377197265625,-18.820975495826872,98.07139149294471,13.43865966796875,-62.82387466574875,158.95731365087147,42.74027112149997,-81.79383419918287,97.60335617001658,70.62035815463628,-145.61669795984432,86.81219370294662,62.43751280335289,-4.7004404668231246,136.60839818622208,31.30999755859375,-5.301596833717497,100.0148318678821,68.10757220791788,-23.333358348807963,142.90487743292294,89.3507080078125,-25.691733552467497,93.35883359557363,125.68300949610284,-37.72326649062205,59.85331008324465,112.10945830032506,51.84476995719655,151.47429453820368,122.691162109375,12.280678556907503,143.8042605788196,43,0
20,69.67829448174814,18.128954515351154,158.3600976770064,0.0,0.0,200.0,-124.10107274092945,-36.48860233534867,90.47591934083786,56.147397266925054,36.630964175066424,144.39572937631075,25.813689600003727,20.783283633664382,107.91076345994756,59.97482241250373,61.57780878014876,151.3343186132195,84.12454165078498,58.27583734460188,104.50095524047028,128.97219790078498,81.37276117272688,69.98081206344665,-3.297768439203878,10.749887802671196,111.87803485697181,-4.398102392183773,23.824787539914382,104.26609059444112,-34.66037045859002,77.80785028405501,168.9074546594546,-44.710149934222954,88.34447320198268,93.85372283645191,-75.98971616171502,130.31563226647688,62.77844435440011,-18.300301983731288,3.7610054885492445,109.96555899376183,-26.103037802276845,15.015949921748529,100.8379119377225,-42.14212094687127,50.52205316491438,164.3371918520863,-71.46105348734454,44.748176494287236,100.0080496666168,-130.83398496054315,81.32503168053938,67.34386539562587,-16.119440299058624,-12.28306099563622,114.07804387506303,-18.022431005465023,-20.882518368288743,100.72436928576656,-45.49612485312127,-78.36121709875749,152.99960787495775,-80.93271330062203,-94.11178827680851,90.87368767914586,-126.14029842622574,-154.68667634604355,67.45770309425086,2.091887842191227,-6.954295712038743,113.61706905939252,5.349395166409977,-17.119243221804368,100.48698009300892,15.848601709378727,-65.11121709875749,161.77339588749066,36.32839907265998,-74.87507207922624,102.0093494761395,60.21526849322095,-142.73754821528166,70.27268491353766,65.82405884752256,-4.719745256033605,136.63400674730303,32.81484926797248,-3.8064075284449927,107.43534834320326,73.99050844765998,-20.597667294069993,147.54131924690307,87.47848452187873,-24.841533260866868,103.85093766976138,116.20305027296695,-44.60645261241427,65.77844824640636,111.72146547890998,51.36269037194563,151.21364631517386,124.67770327187873,13.295032901242507,142.83413703226472,44,0
21,70.81578718579397,13.707982836226563,157.44314556829778,0.0,0.0,200.0,-125.17449282705877,-37.810398419604496,91.12803409269154,55.75240686117172,31.982394972065038,142.59487752716063,24.330138234957417,14.795338946946288,98.41949457828659,54.9492909432621,53.81968582953215,135.58520886751245,72.57113565251609,50.79637675081375,92.61889786743053,123.67404676139483,74.13800260364957,68.33557026578612,-2.5006316366003603,4.791951016006976,110.32522271053105,-6.97921060899364,19.98204809961294,100.72721200237552,-24.102967233792583,62.25273640788379,159.6153879872553,-38.39195290353018,72.46830319714917,90.8299559544299,-85.63140961660508,124.38347371257129,70.41432271912345,-19.819533930311877,0.15641157887489499,109.73427271998649,-27.180909128323833,8.503560382493163,98.96612642713421,-50.317402068866954,48.57719919540324,159.47534855594046,-80.54605184748391,41.346572022071484,94.0374866619689,-143.0374459935582,75.87096150554004,65.61558271616127,-18.06422126202017,-15.508269101781309,108.34763437820811,-20.279297800198833,-25.913096111647462,97.9005126953125,-48.12921235098008,-80.90775553547559,149.0344238281249,-89.72823468891318,-98.95448856116258,88.25082077636421,-138.63761113614328,-164.21619930791638,67.52016892089546,2.6640999378812467,-7.421883412471232,112.6029697753263,4.039460048584829,-17.24529999550799,101.05328369140625,13.993590383394917,-70.02598063313184,153.45044465323838,30.369505910738667,-80.16062418781934,95.47165063479599,48.34272186745636,-147.21874033816397,67.4511504151634,67.014153991846,-9.530852824996998,133.6257114990325,34.02496245370742,-12.235178631178712,101.34381103515614,70.4054311943388,-37.41836170980042,141.37677001953125,85.04193022714492,-19.431955974928712,95.11821774846408,136.40289214120742,-29.252268474928712,75.68393791336075,114.86919551809467,47.12348486124023,144.36839632441283,123.05981352792617,8.364125568040038,144.92022705078125,45,0
22,71.64418375485195,14.079853131871914,156.15497047915179,0.0,0.0,200.0,-127.4150291339929,-33.13357982729053,90.61529875074882,57.56744781400653,34.41867120286656,144.09841144906198,28.039081631730596,21.294563870144486,103.26531976262477,44.75044358891341,49.13253275962677,140.59774764233515,65.40624432255174,52.000047455676,99.89178756987532,97.8028663738196,80.29571094419384,66.10630860342931,-1.5355735675866526,7.956508063334468,109.68121178556785,-3.3301930446525603,18.156389191420544,100.24144479681009,-21.079790795187364,54.68662346121357,171.43638376382026,-25.402638997274266,94.429439743015,111.91234974871034,-42.27898177071165,144.27068653013134,103.36269389705149,-19.46139704445443,0.8667939436748497,107.5771096887497,-30.27696134112591,9.423194484822716,98.46947973085493,-62.43425520821165,52.41628589536572,151.45268726531043,-103.77336653633665,48.92785205747509,93.61436676008556,-161.99919661446165,76.61452808286572,60.87960011850021,-17.99969393131562,-13.846496913095734,111.03048534822597,-24.26652479043628,-26.739128052195042,97.05742141276892,-55.75285872383665,-77.81131420229053,135.5399388541889,-103.14645113199754,-97.78286632164293,90.79656982421875,-157.43029030174557,-152.48822658881284,69.95562744140625,2.0668434246008474,-10.816972954131757,110.86227245760097,3.1781989324642836,-18.575307848703687,98.65540010907728,12.573923502725847,-67.54654369447803,162.30672170779565,16.694406901163347,-77.86111888979053,91.93016694784615,27.529409762734872,-146.26288318097272,70.41764567054179,67.21855042002096,-9.958049094027274,129.83360891708696,37.54259668888244,-8.211265790083985,92.20832236264391,84.19867936210085,-29.758213616353032,126.75420070133669,111.3144630535071,-19.927311516743657,88.5059055990796,166.77467932905358,-29.884201503033296,67.39950054115889,115.1118263347571,48.49523486997509,143.96835967967067,124.6558937175696,7.917689703959468,138.857421875,46,0
23,68.95583354549365,12.147678823947842,158.95252743332466,0.0,0.0,200.0,-128.33227859524663,-31.650989730917672,89.67379091429437,54.98009938739483,31.49929649686129,148.72670052070833,25.039303436003365,16.123943130410453,108.4337539806015,41.2286509881917,47.60497717275467,145.11559337488103,55.219784393034615,57.06107691947295,106.32999689089587,76.23382247897212,81.6710012358792,68.35650199285266,-2.5243562319653847,9.433604995644828,112.92345774679715,-5.481326446809135,19.486980239785453,103.6980078984644,-17.942509652122567,54.563168090723366,133.35039810437053,7.939485645776131,82.26151615934361,104.41353293297226,11.368099822722115,142.63184718314483,93.34202769948125,-19.304446563996635,2.547435562051078,108.99362179876135,-32.837710724152885,12.924724380410453,100.97105046324762,-74.08050857571538,53.2680471343167,148.14743991519228,-122.07178054837163,50.1917531890042,85.52629503032821,-183.68536697415288,78.08356837455108,66.06197070333434,-19.385290582660673,-14.658826364591675,112.17209382314581,-21.519840406537014,-26.675558559385024,98.49679410711462,-33.126223907746635,-72.58977146919892,162.38933364105765,-74.3707155500905,-94.12982442138559,113.58173304739671,-119.98810793582743,-155.62801440477074,103.34013883592183,0.7562223813158653,-11.048389633261422,113.44002687026068,1.2666593930346153,-21.245258529745797,96.75693376401773,6.21645836819107,-69.4818785927938,154.82479506165896,9.492991381314937,-85.11019092046013,94.5590790793708,5.926420396493199,-140.61559290106175,70.66254253736827,64.19042542950433,-12.667690890680092,136.09694138259704,35.335384978972115,-10.997974594198922,97.45345309304025,79.36150802584712,-31.846912582480172,124.26636387381177,96.59374679537837,-28.131275375448922,87.04937744140625,161.8138410765182,-35.40594999560176,57.834497163590754,113.92217697115962,43.3561818999417,149.12844994718228,123.47271408053462,2.380718032754203,143.93152540365293,47,0
24,66.60709313572761,10.72304899991434,160.6395109174512,0.0,0.0,200.0,-115.88640260590853,-24.603799573711512,87.55904467454724,55.93305086153373,29.151045720809293,149.31317762643687,30.774122370091277,16.511379239012626,103.11546349498587,40.952608761617626,57.6419960381495,137.1253817078765,62.3400380672266,40.76646305111257,109.01129937145072,115.39828747255513,67.65670551080575,81.27976190025743,0.5100525227938988,9.613996060433863,117.72376279018869,-1.477399913024101,19.24020560427084,101.8364913260585,-17.410977664163624,64.15154804010263,177.80309908388557,2.6929652069301255,81.27157367486825,97.01030731731404,5.9777552459926255,143.70208514947763,66.80918079236176,-20.25071355410762,3.5213585426166674,110.64925023311217,-29.91875648672783,12.237829232892238,97.8505280088315,-79.24679309385112,54.160031926821375,139.7721875509722,-137.04580432431987,54.57711566705575,88.12494568543312,-204.51390519316908,89.60978118738637,63.66159415118943,-18.716612130429894,-12.670027460307892,108.25089637553026,-22.189117595674134,-23.577008372978185,96.31105257719707,-38.458829226663624,-69.05560528020987,164.63457443141397,-62.274625125101124,-76.01538311224112,93.22025595421724,-102.92093352175277,-139.0266482657221,67.98385622739545,1.3580412380271127,-7.353654080534682,115.09752915008937,1.244985490563863,-17.7422671732445,98.89756729300814,-0.5922635953120334,-60.741965585988055,173.2525763461881,0.5140999296809241,-72.07185954559463,80.70108488259007,-13.825436670097474,-136.7265952039172,73.00357692810303,61.198201135966656,-14.975275207817276,140.35116710728846,33.982882199117626,-10.324831354428625,102.61594249765244,74.51339977724263,-31.818178522397375,140.22284832725313,84.39779919130513,-21.437685358334875,92.77332440147188,145.28132441541686,-27.056430246926197,59.59673395156506,116.25246296718797,35.76201035048018,153.62682562222534,119.73140967731035,-3.1683903762516366,146.57997882804796,48,0
25,66.48513474129459,4.904136651321664,157.45327863668018,0.0,0.0,200.0,-130.7582996650708,-17.57156790502063,84.22487759648413,57.15642759865159,29.044688545118902,146.79616180136952,32.53772084274169,13.517116177010621,99.66334930432708,63.11291615524169,50.150325405526246,153.1374927539102,84.57549741106891,33.247132462822776,102.9533197022763,141.69159047164794,43.975337612557496,84.96941459929157,-1.0247387592563655,6.364238645449234,115.53279957370864,-3.2616263101151617,14.49071889727162,101.75902649886712,-15.384398297883308,61.03737984888562,166.93723869322477,-4.933836774445808,84.70211373560437,96.01347747815521,-15.076781110383308,146.7043415188075,83.86102579066468,-21.242881717242426,3.6573903879116187,110.87969461183435,-31.483392027835862,15.420140657367483,98.36241342034143,-72.98504527053956,57.266536343026246,142.6624549553249,-127.78265269241456,57.05105172388562,85.88469719735919,-195.4199207588208,91.35610543482312,70.10603678744309,-21.035778295093905,-12.616099330339978,106.72089527514322,-26.47057817976895,-21.590329558671442,93.03195032223493,-48.82665904007081,-69.25839651830188,154.90697567760276,-79.79418833694581,-79.21768606908313,85.23096178802996,-124.76196851625161,-137.63310934476578,61.10625630044888,-0.23619012423307595,-6.418594841337722,109.65757044225495,-2.020074747294302,-14.221948026538882,95.36878981171424,-12.529418752548963,-56.386353397340145,161.13361160089926,22.861588016074506,-80.3164992581759,103.19831032076081,33.94697182603204,-152.1128296864233,102.15765728894394,59.94354387026215,-23.093022307871365,133.90318952125904,32.60510365524169,-11.301853549551879,94.40650556840137,67.61884044152714,-36.754082184429535,136.92092737301618,76.21737939627815,-23.816286329660443,92.59756311520368,121.72292547920506,-24.52194858491714,43.50578286085556,115.25808667298827,28.067330230945572,152.22057516805006,118.12097279586669,-14.656345737051879,143.70046838864118,49,0
26,72.33094695472414,-4.155333416312601,157.6277238737153,0.0,0.0,200.0,-128.11940965364556,-7.815313543087655,88.04066997922953,63.96741029044313,17.471869446967276,148.8492614095923,45.273128299965265,11.508981275149495,100.17543926204993,91.54905457005202,38.373555227486406,126.67881584279993,112.97935011106995,26.384780814333453,85.68691972732714,168.4807490377607,33.290582453006095,68.25310153080761,-0.46800217116481235,7.952052440578086,116.6935990649973,-2.1064192391095276,19.8624421647728,104.14502010732028,-11.795251938801812,67.74648455261547,165.4985724648349,-22.00557908723931,88.6218812811311,109.49561585346008,-45.91298875520806,152.74221209167797,76.73103827898319,-17.022515809682204,4.776722376871362,112.97656108139873,-25.15181932161431,17.689035834114406,102.41742454485018,-25.88747605989556,53.471673761599845,177.57389920932027,-62.94973191927056,57.846246515506095,108.9881341978032,-118.16951951692681,108.08287981628735,77.77213728951295,-16.827340905492065,-10.10738987618447,108.59243038112368,-25.34285936067681,-21.565313543087655,95.74345187062977,-60.14113816927056,-68.9870054376189,142.4736328125,-100.87722215364556,-79.6970884454314,86.11765421604196,-155.3668722852235,-138.55415913982426,62.72191023642665,1.2762812643231882,-7.529363836056405,110.18034138445319,1.4040888815106882,-17.802252019650155,98.0147705078125,-4.732996079426812,-75.22583600402515,135.88360595703125,22.31357374479194,-92.74133893371265,86.13103320181222,35.44260964409659,-167.1985800899348,73.43738028500911,58.063187858681545,-27.48896617263847,139.64616264711913,32.19119825651069,-14.576910222775155,102.95595473413164,46.87110712997651,-48.48318834860345,128.14694004721719,51.61829715612612,-23.449110445447445,100.219248276587,88.69680964229201,-21.58009921717769,60.77376791249935,120.78787794401069,16.177057062381095,147.77919598498983,121.32388868619819,-25.096868718868905,141.19672630393063,50,0
27,70.10002883806351,-8.22313818191708,156.0320510348106,0.0,0.0,200.0,-127.84668747053024,-1.7347043440264542,84.69509429615275,63.87288336166034,16.338108279155904,152.65783011045878,37.6916561350796,10.246064029418676,105.2680523147659,73.14818557634476,36.329931886442296,152.22829124767455,94.68367142945647,24.44601936860039,94.71169731846689,142.09191116228226,36.69422021652042,67.40398883368022,-1.5673295603739916,9.099585206754796,115.06896564218009,-1.7565995799052416,19.15265527511417,105.55424070759014,-15.474861298655242,71.05066552902042,164.93820541040355,-23.68702097031462,77.80703898184964,89.37538493850279,-73.84217086896774,155.79093042159855,66.36228680692659,-14.933113251780242,9.067541749723546,110.08305887525738,-22.15369430646774,19.23676172042667,99.74041805791066,-22.423473633751087,50.125982978172885,170.0212202273213,-44.736968818103946,48.7203017982614,99.3012731592338,-93.88373581037399,104.79810205245792,61.567350176237255,-12.939575560370827,-7.460119653107313,106.647097410529,-22.35889450178024,-18.73021826004208,94.14711232866034,-66.83411422834274,-59.80632909988583,128.4044189453125,-124.52576461896774,-79.66881689285458,85.34204999322947,-184.7854964144493,-132.5164780321851,65.90325815057577,-0.5894784085220408,-6.5025210461725464,113.9388091088365,-0.3363045803971545,-19.523115352329228,99.57752402167239,-8.133674775217742,-69.83471044754208,159.97535480884608,5.823722685719758,-89.73217138504208,101.17124267336737,4.314713696403487,-155.36375308893628,67.58882430300491,59.17655630888555,-33.80144781387162,140.51251046590414,36.87940426327884,-20.14343615098528,97.6328125,49.59661086931351,-62.31420263504208,139.06772858446902,73.29473098650101,-41.86376318191708,109.02509544465647,134.39005254259712,-52.019456305051335,90.73083169412678,121.25408157243851,8.958777101286046,159.77079298122754,118.39849075212601,-28.83544286941708,148.83099365234375,51,0
28,66.06062609806088,-1.8664339789153246,161.67567484902577,0.0,0.0,200.0,-132.598472629688,0.14409544373694416,82.88119949417202,56.401918970107545,25.425954749726202,149.33767230414563,28.96565561856653,14.742398409961481,109.27472861372455,54.87357326874951,41.48012449647132,148.26625447473864,64.37864084565547,34.010396761398795,102.48030264936908,102.59364268343973,44.66924469641759,64.34513390176875,-0.16878570203186882,6.7313979202500605,110.4535584702121,-1.9761077732712238,21.185619193242815,103.41118471975561,-12.82649997343799,62.331534408580694,160.9233988228175,-6.32534030546924,99.7559728851432,108.50272854308885,-3.18947604765674,164.9274816742057,120.61430642421132,-20.93244282255114,11.22213333485729,108.236043530976,-27.435583875924976,23.282231996593566,99.55327471490996,-44.64925387968799,65.66207029725257,158.95407838720237,-74.63112643828174,65.63579466248694,93.95172480041076,-129.5170517312505,109.7877111663932,64.86772152716554,-18.95333958829474,-5.493828405867532,111.10317528118446,-27.449951447660055,-17.320107712907486,100.51951482843549,-58.24123386015674,-63.93460939024743,148.87061586664322,-107.53030650924381,-70.5431739711932,105.5077817211619,-169.4230933805644,-117.50592513171404,89.61150961053193,-2.1469190781226644,-7.020149196483942,112.46555803375259,-6.689673988305117,-16.32474782602941,101.32705012252893,-16.69173434843799,-64.43973634337243,135.05405192582407,-13.58107761015674,-85.01200196837243,97.1550995181949,-34.71760617880875,-150.50923965669853,69.96971439223819,58.351306322492405,-25.434615621354453,144.71814021824446,41.92918399967641,-14.050729663469099,99.18470574713672,83.14348221583907,-49.79878514074568,138.02290544427547,110.16051005170345,-34.75180861091411,92.80647829993313,168.4105794650235,-47.914864061601804,75.38242231709,116.51877590546826,17.61501219178382,152.59220552544645,117.05297241588835,-23.318102231373302,153.77103728586587,52,0
29,70.57613700210891,-2.6656946593008684,160.92869415325288,0.0,0.0,200.0,-128.6826862014259,-5.359262483854252,83.40738208246108,58.563784269698544,19.52944834730323,148.91959330135137,31.232841142324105,15.252767545442623,108.76217902774243,45.34532067783539,38.40618239525162,153.17945811393605,46.78270802135194,26.633533079399967,99.84164280480968,70.9158294270187,40.59551735944359,61.22361948093845,1.215873368886605,8.254354459505123,112.00472920810623,0.701469072011605,18.485921842317623,102.25903412641073,-5.567512861582145,69.80052755520825,168.06879093700093,18.133964189199105,82.8206081216145,96.47815936191324,36.74741907429916,146.79167459587615,49.459958036929805,-18.02735310811488,5.441287739565439,109.91143385466606,-26.119209638925895,18.443319303255123,102.72264330966715,-60.180061689707145,63.17406271145825,143.75813729488144,-101.56421696314464,66.27010152981762,78.95792620761637,-159.2096637404884,107.11220358059887,75.78251116855387,-17.387936585383613,-10.213330580982472,109.19286057614318,-20.3561984757107,-21.240296856808015,98.72569875371892,-26.522026523358818,-57.309256571711046,151.39120480943154,-49.990974775644645,-56.160226839323,102.14739487395104,-94.86670020361862,-110.0089307200214,52.64312749491182,-3.036086159485876,-8.537613003987246,108.59278932303994,-4.570565269607982,-18.399622362781145,99.14418793659638,-18.56050804522033,-72.90049471647575,158.3997802734375,-30.760893344273768,-90.22701444430794,84.49888191239233,-55.550121925263284,-130.69739649239744,57.44754098474277,57.064163812075094,-26.31649362461161,134.50778073320305,39.25525961859955,-16.58766599538609,99.769169746422,76.03502620091786,-49.5009250815105,131.3089599609375,99.02489688945002,-39.11848636585654,85.82609068141414,147.2911042522245,-50.24916010835483,52.86208048838421,120.1589886032616,18.420003873567623,150.80432930865257,120.4420696579491,-19.556650179166752,148.5257568359375,53,0
30,68.72649756176781,-4.7149220792156825,158.16135156064058,0.0,0.0,200.0,-129.26012436537258,-8.495951732638503,83.66737116059,59.047414475345704,22.472648518938797,143.3341449979616,34.51677653442255,13.301298175968043,102.7691439680166,51.906074365096174,49.2232865486115,154.30578370221974,78.94451901822049,31.906485079150684,108.88686091483491,119.43765757667143,35.18539773447725,93.78821413468224,0.498725732283674,8.223072925564622,110.33357536586539,0.137763818221174,18.582569995877122,100.95202999889963,-9.738273779435076,66.64543620681462,150.28147165811785,3.713386376814924,86.46294108962712,91.63029009432586,4.114016465393206,146.11404537835415,57.63782439967474,-18.63771200564088,7.372969453213216,109.3863723890395,-29.70445903223583,17.92466890838051,98.27765491056627,-71.64141098646633,62.79301921462712,135.68205598929012,-123.73354905471933,70.14158597844187,83.28997674624367,-196.92686637602833,111.3199522182145,54.827339980283824,-17.835220019254848,-8.979437390585815,107.23124259352494,-24.629308581439318,-20.544128417968807,96.8447321157447,-37.458671728653826,-60.6895552482635,153.48672444106808,-60.960380713028826,-57.33829792404475,94.49237280777311,-115.89568344740383,-101.150614818576,57.646936139832405,-2.449024438683864,-9.847896655342595,110.65374021176297,-5.922352075402614,-18.999912817866573,101.1373696856524,-23.246330420060076,-73.69401081466975,157.9708087228986,-33.569755713028826,-91.2225142326385,94.40736301345669,-53.81341457936287,-130.3325526376795,73.64436571538079,58.090204558116966,-26.121275750550524,142.23010811845143,30.930244286971174,-15.99541802034338,101.01528114462201,66.28364485060729,-44.65239184705575,148.8300516305842,79.09040053697117,-39.074442943576,96.81456953879433,120.34424845691649,-49.715308666405065,51.95300146259922,119.69745620103367,18.381611743923997,151.07059338088558,119.99372084947117,-22.456889232638503,149.4669176151525,54,0
